feature,importance
blood_glucose,0.5573265383768767
symptoms_score,0.1054088663151377
systolic_bp,0.0999055350852302
diastolic_bp,0.05383824656459096
cholesterol,0.05076179203229264
medication_count,0.037269873514313975
age,0.027283183494894808
bmi,0.02710813142030525
heart_rate,0.017425645341039506
smoking_status,0.00910856399513096
exercise_level,0.005561406342506161
gender,0.005336169729963544
family_history,0.003666047787717781
