feature,importance
blood_glucose,0.5535570634959595
symptoms_score,0.10549794766760437
systolic_bp,0.1014375770094263
diastolic_bp,0.05400748117861692
cholesterol,0.0519023438404424
medication_count,0.035728178310530934
bmi,0.028893704829891283
age,0.028473584088470803
heart_rate,0.01726336661174846
smoking_status,0.008963952894910296
exercise_level,0.005414461031490687
gender,0.005055271118594468
family_history,0.0038050679223136387
